year,v4,v6
2000,3,0
2001,4.231567366322656,0
2002,4.197680142253206,0
2003,4.074107584311651,0
2004,4.256164751651206,0
2005,4.27422244742782,4.738571428571428
2006,4.437524752121993,0
2007,4.661850920350786,5.7680965147453085
2008,4.76093072971092,5.186946902654867
2009,4.988480017533386,4.921173080183082
2010,4.91079421477171,5.384783082624809
2011,4.953648286002876,5.282639885222381
2012,4.696348042456255,4.074608877042531
